Table_Three_Id,EmployeeId,Outfit_Gave,Signature,Date_Time,Workplaces_Prepared,Surname,Age,Admitting,Responsible_Performance_Manager,
1,1,"Adinolfi, Wilson  K","Adinolfi, Wilson  K",5/17/2016 20:04:18,,Wick,35,NATHANIEL FORD,"Abedin,Huma M.","Adinolfi, Wilson  K"
2,2,"Ait Sidi, Karthikeyan   ","Ait Sidi, Karthikeyan   ",5/17/2016 20:04:30,,Constantine,21,GARY JIMENEZ,"Abrams,Lori E.","Ait Sidi, Karthikeyan   "
3,3,"Akinkuolie, Sarah","Akinkuolie, Sarah",5/17/2016 20:04:58,,Anderson,22,ALBERT PARDINI,"Alcorn,Brian A.","Akinkuolie, Sarah"
4,4,"Alagbe,Trina","Alagbe,Trina",5/17/2016 20:08:01,,Telles,19,CHRISTOPHER CHONG,"Allen,Jeannetta Pam","Alagbe,Trina"
5,5,"Anderson, Carol ","Anderson, Carol ",5/17/2016 20:08:04,,Maradona,23,PATRICK GARDNER,"Allison,Donna Tate","Anderson, Carol "
6,6,"Anderson, Linda  ","Anderson, Linda  ",5/17/2016 20:09:09,,Ronaldo,24,DAVID SULLIVAN,"Alston,Mildred C.","Anderson, Linda  "
7,7,"Andreola, Colby","Andreola, Colby",5/17/2016 20:10:56,,Tal,22,ALSON LEE,"Alterescu,Louis","Andreola, Colby"
8,8,"Athwal, Sam","Athwal, Sam",5/17/2016 20:11:13,,Bates,24,DAVID KUSHNER,"Amador,Patricia","Athwal, Sam"
9,9,"Bachiochi, Linda","Bachiochi, Linda",5/17/2016 20:11:52,,Kidman,20,MICHAEL MORRIS,"Amorsingh,Lucius Linus","Bachiochi, Linda"
10,10,"Bacong, Alejandro ","Bacong, Alejandro ",5/17/2016 20:13:37,,Milland,33,JOANNE HAYES-WHITE,"Anders,Brenda","Bacong, Alejandro "
11,11,"Baczenski, Rachael  ","Baczenski, Rachael  ",5/17/2016 20:17:40,,March,32,ARTHUR KENNEY,"Anderson,Lori Lynn","Baczenski, Rachael  "
12,12,"Barbara, Thomas","Barbara, Thomas",5/17/2016 20:18:37,,Brynner,25,PATRICIA JACKSON,"Attie,Eli G.","Barbara, Thomas"
13,13,"Barbossa, Hector","Barbossa, Hector",5/17/2016 20:26:57,,Crawford,24,EDWARD HARRINGTON,"Aversano,Gene T.","Barbossa, Hector"
14,14,"Barone, Francesco  A","Barone, Francesco  A",5/17/2016 20:30:21,,Wyman,23,JOHN MARTIN,"Bachman,Robin J.","Barone, Francesco  A"
15,15,"Barton, Nader","Barton, Nader",5/17/2016 20:30:26,,Magnani,22,DAVID FRANKLIN,"Baer,Christine Klima","Barton, Nader"
16,16,"Bates, Norman","Bates, Norman",5/17/2016 20:30:49,,Hepburn,23,RICHARD CORRIEA,"Baer,Donald A.","Bates, Norman"
17,17,"Beak, Kimberly  ","Beak, Kimberly  ",5/17/2016 20:32:26,,Hepburn,29,AMY HART,"Bailey,Yvonne G.","Beak, Kimberly  "
18,18,"Beatrice, Courtney ","Beatrice, Courtney ",5/17/2016 20:34:35,,Streisand,21,SEBASTIAN WONG,"Baker,Kyle M.","Beatrice, Courtney "
19,19,"Becker, Renee","Becker, Renee",5/17/2016 20:39:14,,Smith,17,MARTY ROSS,"Balderston,Kris M.","Becker, Renee"
20,20,"Becker, Scott","Becker, Scott",5/17/2016 20:40:22,,Jackson,29,ELLEN MOFFATT,"Baldick,Nicholas R.","Becker, Scott"
21,21,"Bernstein, Sean","Bernstein, Sean",5/17/2016 20:41:29,,Fonda,32,VENUS AZAR,"Band,Douglas J.","Bernstein, Sean"
22,22,"Biden, Lowan  M","Biden, Lowan  M",5/17/2016 20:42:09,,Schell,20,JUDY MELINEK,"Barclay,Barbara A.","Biden, Lowan  M"
23,23,"Billis, Helen","Billis, Helen",5/17/2016 20:42:10,,Peck,24,GEORGE GARCIA,"Barksdale,Antoinette","Billis, Helen"
24,24,"Blount, Dianna","Blount, Dianna",5/17/2016 20:44:36,,Poitier,20,VICTOR WYRSCH,"Barnes,Beverly L.","Blount, Dianna"
25,25,"Bondwell, Betsy","Bondwell, Betsy",5/17/2016 20:46:31,,Harrison,21,JOSEPH DRISCOLL,"Barry,Kathleen A.","Bondwell, Betsy"
26,26,"Booth, Frank","Booth, Frank",5/17/2016 20:48:14,,Marvin,17,GREGORY SUHR,"Bass,Walker F.","Booth, Frank"
27,27,"Boutwell, Bonalyn","Boutwell, Bonalyn",5/17/2016 20:48:28,,Scofield,24,JOHN HANLEY,"Bates,Melinda N.","Boutwell, Bonalyn"
28,28,"Bozzi, Charles","Bozzi, Charles",5/17/2016 20:59:07,,Steiger,17,RAYMOND GUZMAN,"Bean,Eileen F.","Bozzi, Charles"
29,29,"Brill, Donna","Brill, Donna",5/17/2016 21:00:47,,Wayne,28,DENISE SCHMITT,"Beaubaire,David S.","Brill, Donna"
30,30,"Brown, Mia","Brown, Mia",5/17/2016 21:01:09,,Hackman,19,MONICA FIELDS,"Bedwell,Wendy Lynette","Brown, Mia"
31,31,"Buccheri, Joseph  ","Buccheri, Joseph  ",5/17/2016 21:08:26,,Brando,17,HARLAN KELLY-JR,"Belsky,David","Buccheri, Joseph  "
32,32,"Bugali, Josephine ","Bugali, Josephine ",5/17/2016 21:15:34,,Lemmon,25,DAVID SHINN,"Bennett,Jacquelyn J.","Bugali, Josephine "
33,33,"Bunbury, Jessica","Bunbury, Jessica",5/17/2016 21:16:35,,Nicholson,17,GARY AMELIO,"Berger,Samuel R.","Bunbury, Jessica"
34,34,"Burke, Joelle","Burke, Joelle",5/17/2016 21:25:17,,Finch ,23,JOHN TURSI,"Berry,Marsha E.","Burke, Joelle"
35,35,"Burkett, Benjamin ","Burkett, Benjamin ",5/17/2016 21:34:10,,Dreyfuss,26,JOSE VELO,"Beveridge,Susan","Burkett, Benjamin "
36,36,"Cady, Max ","Cady, Max ",5/17/2016 21:38:39,,Hoffman,26,KHOA TRINH,"Bianchi,Sarah Abigail","Cady, Max "
37,37,"Candie, Calvin","Candie, Calvin",5/17/2016 21:39:26,,Henry ,23,SUSAN CURRIN,"Binns,Mary U.","Candie, Calvin"
38,38,"Carabbio, Judith","Carabbio, Judith",5/17/2016 21:45:04,,Duvall,25,JAMES BOSCH,"Bird,Debra D.","Carabbio, Judith"
39,39,"Carey, Michael  ","Carey, Michael  ",5/17/2016 21:45:35,,Burstyn,18,JONES WONG,"Blinken,Antony J.","Carey, Michael  "
40,40,"Carr, Claudia  N","Carr, Claudia  N",5/17/2016 21:55:53,,Dunaway,19,BRENDAN WARD,"Blocker,Ananias,III","Carr, Claudia  N"
41,41,"Carter, Michelle ","Carter, Michelle ",5/17/2016 21:57:20,,Keaton,19,MICHAEL THOMPSON,"Blunt,Shenna C.","Carter, Michelle "
42,42,"Chace, Beatrice ","Chace, Beatrice ",5/17/2016 22:01:48,,Fonda,55,THOMAS ABBOTT,"Bohrer,George H.","Chace, Beatrice "
43,43,"Champaigne, Brian","Champaigne, Brian",5/17/2016 22:12:58,,Field,35,THOMAS SIRAGUSA,"Bowles,Erskine B.","Champaigne, Brian"
44,44,"Chan, Lin","Chan, Lin",5/17/2016 22:14:11,,Spacek,24,MICHAEL THOMPSON,"Breuer,Lanny A.","Chan, Lin"
45,45,"Chang, Donovan  E","Chang, Donovan  E",5/17/2016 22:15:22,,Lange,22,SHARON MCCOLE WICHER,"Briggs,Patrick Edward Jude","Chang, Donovan  E"
46,46,"Chigurh, Anton","Chigurh, Anton",5/17/2016 22:19:27,,Paltrow,23,EDWIN LEE,"Bromberg,Emily","Chigurh, Anton"
47,47,"Chivukula, Enola","Chivukula, Enola",5/17/2016 22:20:28,,Berry,20,BRYAN RUBENSTEIN,"Brophy,Susan A.","Chivukula, Enola"
48,48,"Cierpiszewski, Caroline  ","Cierpiszewski, Caroline  ",5/17/2016 22:23:12,,Kidman,25,TRENT RHORER,"Brown,Margueritte B.","Cierpiszewski, Caroline  "
49,49,"Clayton, Rick","Clayton, Rick",5/17/2016 22:25:40,,Theron,18,JAMES DUDLEY,"Burkhardt,Daniel W.","Clayton, Rick"
50,50,"Cloninger, Jennifer","Cloninger, Jennifer",5/17/2016 22:29:37,,Wick,29,KEN YEE,"Button,Katharine M.","Cloninger, Jennifer"
51,51,"Close, Phil","Close, Phil",5/17/2016 22:33:23,,Constantine,24,KIRK RICHARDSON,"Byrd,Kimberley J.","Close, Phil"
52,52,"Clukey, Elijian","Clukey, Elijian",5/17/2016 22:33:51,,Anderson,23,BARBARA GARCIA,"Cameron,Rebecca A.","Clukey, Elijian"
53,53,"Cockel, James","Cockel, James",5/17/2016 22:38:33,,Telles,22,MICHAEL ROLOVICH,"Campbell,Frances L.","Cockel, James"
54,54,"Cole, Spencer","Cole, Spencer",5/17/2016 22:42:00,,Maradona,25,DARRYL HUNTER,"Canter,Virginia R.","Cole, Spencer"
55,55,"Corleone, Michael","Corleone, Michael",5/17/2016 22:43:42,,Ronaldo,18,RAY CRAWFORD,"Caplan,Phillip","Corleone, Michael"
56,56,"Corleone, Vito","Corleone, Vito",5/17/2016 22:44:08,,Tal,19,KEVIN CASHMAN,"Capps,Laura Karolina","Corleone, Vito"
57,57,"Cornett, Lisa ","Cornett, Lisa ",5/17/2016 22:46:53,,Bates,33,BENJAMIN ROSENFIELD,"Caramanica,Janice","Cornett, Lisa "
58,58,"Costello, Frank","Costello, Frank",5/17/2016 22:49:46,,Kidman,23,MARK KEARNEY,"Carey,Paul R.","Costello, Frank"
59,59,"Crimmings,   Jean","Crimmings,   Jean",5/17/2016 22:51:33,,Milland,21,DOUGLAS RIBA,"Carter,Cheryl M. Cole","Crimmings,   Jean"
60,60,"Cross, Noah","Cross, Noah",5/17/2016 22:52:38,,March,22,AI-KYUNG CHUNG,"Castleman,Helen S.","Cross, Noah"
61,61,"Daneault, Lynn","Daneault, Lynn",5/17/2016 22:55:50,,Brynner,24,KENNETH SMITH,"Cattalini,Ann Marie","Daneault, Lynn"
62,62,"Daniele, Ann  ","Daniele, Ann  ",5/17/2016 22:56:02,,Crawford,21,ANNA BROWN,"Chai,David K.","Daniele, Ann  "
63,63,"Darson, Jene'ya ","Darson, Jene'ya ",5/17/2016 23:00:07,,Wyman,25,JAMES FAZACKERLEY,"Chirwa,Dawn M.","Darson, Jene'ya "
64,64,"Davis, Daniel","Davis, Daniel",5/17/2016 23:08:07,,Magnani,20,CHARLES CRANE,"Chow,Barbara","Davis, Daniel"
65,65,"Dee, Randy","Dee, Randy",5/17/2016 23:09:12,,Hepburn,16,GREGORY MAR,"Cicetti,Pamela","Dee, Randy"
66,66,"DeGweck,  James","DeGweck,  James",5/17/2016 23:09:32,,Hepburn,22,RICHARD PARRY,"Clarke,Senoria K.","DeGweck,  James"
67,67,"Del Bosque, Keyla","Del Bosque, Keyla",5/17/2016 23:12:04,,Streisand,20,ROBERT POSTEL,"Cleveland,Carolyn E.","Del Bosque, Keyla"
68,68,"Delarge, Alex","Delarge, Alex",5/17/2016 23:13:32,,Smith,28,EDWARD ROLAND,"Cogdell,C. Patricia","Delarge, Alex"
69,69,"Demita, Carla","Demita, Carla",5/17/2016 23:13:58,,Jackson,21,THOMAS SHAWYER,"Cohen,Steven A.","Demita, Carla"
70,70,"Desimone, Carl ","Desimone, Carl ",5/17/2016 23:15:14,,Fonda,24,WING CHAN,"Conroy,Mary R.","Desimone, Carl "
71,71,"DeVito, Tommy","DeVito, Tommy",5/17/2016 23:16:50,,Schell,38,GEORGE GASCON,"Corbett,Julianne B.","DeVito, Tommy"
72,72,"Dickinson, Geoff ","Dickinson, Geoff ",5/17/2016 23:16:59,,Peck,24,RICHARD BUSALACCHI,"Cornelius,Catherine A.","Dickinson, Geoff "
73,73,"Dietrich, Jenna  ","Dietrich, Jenna  ",5/17/2016 23:19:44,,Poitier,26,LAWRENCE FREED,"Costello,Brenda B.","Dietrich, Jenna  "
74,74,"DiNocco, Lily ","DiNocco, Lily ",5/17/2016 23:22:00,,Harrison,25,MONIQUE MOYER,"Cozart,Charlene C.","DiNocco, Lily "
75,75,"Dobrin, Denisa  S","Dobrin, Denisa  S",5/17/2016 23:22:46,,Marvin,45,ANTONIO FLORES,"Crable,Lynn Allison","Dobrin, Denisa  S"
76,76,"Dolan, Linda","Dolan, Linda",5/17/2016 23:24:12,,Scofield,28,MARK GAMBLE,"Craighead,Kelly","Dolan, Linda"
77,77,"Dougall, Eric","Dougall, Eric",5/17/2016 23:28:48,,Steiger,21,KEVIN BURKE,"Crisci,Michelle","Dougall, Eric"
78,78,"Driver, Elle","Driver, Elle",5/17/2016 23:29:37,,Wayne,25,BERT REYES,"Croft,Caroline","Driver, Elle"
79,79,"Dunn, Amy  ","Dunn, Amy  ",5/17/2016 23:29:47,,Hackman,24,MICHAEL DELANE,"Cunningham,Nelson W.","Dunn, Amy  "
80,80,"Dunne, Amy","Dunne, Amy",5/17/2016 23:33:57,,Brando,19,EDUARDO GONZALEZ,"Curiel,Carolyn","Dunne, Amy"
81,81,"Eaton, Marianne","Eaton, Marianne",5/17/2016 23:34:25,,Lemmon,29,YIFANG QIAN,"Currie,Betty W.","Eaton, Marianne"
82,82,"Engdahl, Jean","Engdahl, Jean",5/17/2016 23:34:44,,Nicholson,25,ROBERT WINSLOW,"Curtis,Janet F.","Engdahl, Jean"
83,83,"England, Rex","England, Rex",5/17/2016 23:48:02,,Finch ,20,LORRIE KALOS,"Cushing,Anna E.","England, Rex"
84,84,"Erilus, Angela","Erilus, Angela",5/17/2016 23:50:25,,Dreyfuss,23,EDWARD REISKIN,"Cutler,Lynn G.","Erilus, Angela"
85,85,"Estremera, Miguel","Estremera, Miguel",5/17/2016 23:55:09,,Hoffman,30,JEFFREY MYERS,"Dale,Suzanne","Estremera, Miguel"
86,86,"Evensen, April","Evensen, April",5/17/2016 23:58:39,,Henry ,15,JONATHAN BAXTER,"Daniels,Brenda J.","Evensen, April"
87,87,"Exantus, Susan","Exantus, Susan",5/17/2016 23:59:22,,Duvall,28,MICHAEL BRYANT,"Dass,Lisa R.","Exantus, Susan"
88,88,"Faller, Megan ","Faller, Megan ",5/18/2016 0:02:54,,Burstyn,18,KEVIN BARRY,"Davis,Lanny Jesse","Faller, Megan "
89,89,"Fancett, Nicole","Fancett, Nicole",5/18/2016 0:03:12,,Dunaway,25,EVETTE GEER-STEVENS,"Del Sesto,Gino J.","Fancett, Nicole"
90,90,"Ferguson, Susan","Ferguson, Susan",5/18/2016 0:05:28,,Keaton,29,MARY TSE,"Demeo,Laura K.","Ferguson, Susan"
91,91,"Fernandes, Nilson  ","Fernandes, Nilson  ",5/18/2016 0:07:31,,Fonda,30,MARK GONZALES,"Dickey,Lana H.","Fernandes, Nilson  "
92,92,"Fett, Boba","Fett, Boba",5/18/2016 0:10:56,,Field,24,DONNA MEIXNER,"Digiacobbe,Marilyn","Fett, Boba"
93,93,"Fidelia,  Libby","Fidelia,  Libby",5/18/2016 0:11:13,,Spacek,23,PETE FAY JR,"Dominguez,Marie Theresa","Fidelia,  Libby"
94,94,"Fitzpatrick, Michael  J","Fitzpatrick, Michael  J",5/18/2016 0:14:54,,Lange,34,JOHN MURPHY,"Donnelly,Raymond E.,III","Fitzpatrick, Michael  J"
95,95,"Foreman, Tanya","Foreman, Tanya",5/18/2016 0:15:10,,Paltrow,23,REX HALE,"Dorskind,James A.","Foreman, Tanya"
96,96,"Forrest, Alex","Forrest, Alex",5/18/2016 0:22:00,,Berry,22,MIVIC HIROSE,"Doufekias,Dimitra","Forrest, Alex"
97,97,"Foss, Jason","Foss, Jason",5/18/2016 0:23:17,,Kidman,23,SARAH CARY,"Doyle,Patricia Solis","Foss, Jason"
98,98,"Foster-Baker, Amy","Foster-Baker, Amy",5/18/2016 0:26:34,,Theron,30,KEVIN SMITH,"Droege,Philip C.","Foster-Baker, Amy"
99,99,"Fraval, Maruk ","Fraval, Maruk ",5/18/2016 0:28:30,,Wick,19,GREGORY STANGLAND,"Dudley,Jennifer D.","Fraval, Maruk "
100,100,"Galia, Lisa","Galia, Lisa",5/18/2016 0:35:13,,Constantine,19,SONALI BOSE,"Duncan,Charles N.","Galia, Lisa"
101,101,"Garcia, Raul","Garcia, Raul",5/18/2016 0:36:07,,Anderson,21,KEVIN TAYLOR,"Duque,Ana Maria","Garcia, Raul"
102,102,"Gaul, Barbara","Gaul, Barbara",5/18/2016 0:40:40,,Telles,16,ERIKA HOO,"Duval,Fred","Gaul, Barbara"
103,103,"Gentry, Mildred","Gentry, Mildred",5/18/2016 0:40:52,,Maradona,25,LAUIFI SEUMAALA,"Eaglin,Ruth A.","Gentry, Mildred"
104,104,"Gerke, Melisa","Gerke, Melisa",5/18/2016 0:41:52,,Ronaldo,19,EDWARD DENNIS,"Echaveste,Maria","Gerke, Melisa"
105,105,"Gill, Whitney  ","Gill, Whitney  ",5/18/2016 0:44:01,,Tal,26,PATRIC STEELE,"Eder,Ann T.","Gill, Whitney  "
106,106,"Gilles, Alex","Gilles, Alex",5/18/2016 0:45:43,,Bates,32,MICHAEL WALSH,"Edmonds,James Terry","Gilles, Alex"
107,107,"Girifalco, Evelyn","Girifalco, Evelyn",5/18/2016 0:50:46,,Kidman,28,SAMSON LAI,"Edwards,Anne M.","Girifalco, Evelyn"
108,108,"Givens, Myriam","Givens, Myriam",5/18/2016 0:50:50,,Milland,23,ANA SAMPERA,"Emanuel,Rahm I.","Givens, Myriam"
109,109,"Goble, Taisha","Goble, Taisha",5/18/2016 0:51:07,,March,18,GLORIA GARCIA ORME,"Engskov,Paul Kristian,Jr.","Goble, Taisha"
110,110,"Goeth, Amon","Goeth, Amon",5/18/2016 0:54:09,,Brynner,22,SCOTT SCHOLZEN,"Erichsen,Peter C.","Goeth, Amon"
111,111,"Gold, Shenice  ","Gold, Shenice  ",5/18/2016 0:57:21,,Crawford,25,MARK SMITH,"Evans,Madalene E. W.","Gold, Shenice  "
112,112,"Gonzalez, Cayo","Gonzalez, Cayo",5/18/2016 1:12:10,,Wyman,19,C PETRUZZELLA,"Evans,Wanda M.","Gonzalez, Cayo"
113,113,"Gonzalez, Juan","Gonzalez, Juan",5/18/2016 1:13:28,,Magnani,21,JOHN HALEY JR,"Fahle,Karen C.","Gonzalez, Juan"
114,114,"Gonzalez, Maria","Gonzalez, Maria",5/18/2016 1:13:43,,Hepburn,17,NELA PONFERRADA,"Falk,Deborah Lyn","Gonzalez, Maria"
115,115,"Good, Susan","Good, Susan",5/18/2016 1:17:35,,Hepburn,38,CHARLES SCOTT,"Feinberg,Sheelah A.","Good, Susan"
116,116,"Gordon, David","Gordon, David",5/18/2016 1:18:39,,Streisand,23,LISETTE ADAMS,"Finch,James","Gordon, David"
117,117,"Gosciminski, Phylicia  ","Gosciminski, Phylicia  ",5/18/2016 1:20:07,,Smith,21,JACKSON WONG,"Finney,Karen Elizabeth","Gosciminski, Phylicia  "
118,118,"Goyal, Roxana","Goyal, Roxana",5/18/2016 1:20:46,,Jackson,19,IRENE SUNG,"Fisher,Everlene H.","Goyal, Roxana"
119,119,"Gray, Elijiah  ","Gray, Elijiah  ",5/18/2016 1:21:32,,Fonda,19,KHAIRUL ALI,"Foley,Martha","Gray, Elijiah  "
120,120,"Gross, Paula","Gross, Paula",5/18/2016 1:21:57,,Schell,21,LESLIE DUBBIN,"Footlik,Jay K.","Gross, Paula"
121,121,"Gruber, Hans","Gruber, Hans",5/18/2016 1:24:26,,Peck,23,MICHAEL CASTAGNOLA,"Forbes,Jeffrey A.","Gruber, Hans"
122,122,"Guilianno, Mike","Guilianno, Mike",5/18/2016 1:24:33,,Poitier,20,SHELLEY MITCHELL,"Forgue,Tom","Guilianno, Mike"
123,123,"Handschiegl, Joanne","Handschiegl, Joanne",5/18/2016 1:33:14,,Harrison,20,SEAN BONETTI,"Fowler,Donald L.,Jr.","Handschiegl, Joanne"
124,124,"Hankard, Earnest","Hankard, Earnest",5/18/2016 1:35:21,,Marvin,21,SUSAN ILNICKI,"Fowler,Carmen B.","Hankard, Earnest"
125,125,"Harrington, Christie ","Harrington, Christie ",5/18/2016 1:35:25,,Wick,17,TYRONNE JULIAN,"Freedman,Thomas L.","Harrington, Christie "
126,126,"Harrison, Kara","Harrison, Kara",5/18/2016 1:42:06,,Constantine,28,SHARON FERRIGNO,"Freeland,Ben A.","Harrison, Kara"
127,127,"Heitzman, Anthony","Heitzman, Anthony",5/18/2016 1:49:54,,Anderson,20,SHANNON SAKOWSKI,"Freeman,Myra B.","Heitzman, Anthony"
128,128,"Hendrickson, Trina","Hendrickson, Trina",5/18/2016 1:52:46,,Telles,22,JOHN HICKEY,"Friendly,Andrew","Hendrickson, Trina"
129,129,"Hitchcock, Alfred","Hitchcock, Alfred",5/18/2016 1:54:43,,Maradona,70,GLEN KOJIMOTO,"Gaines,Jeremy M.","Hitchcock, Alfred"
130,130,"Homberger, Adrienne  J","Homberger, Adrienne  J",5/18/2016 1:55:09,,Ronaldo,28,EDWARD CHU,"Garner,Barbara J.","Homberger, Adrienne  J"
131,131,"Horton, Jayne","Horton, Jayne",5/18/2016 1:55:46,,Tal,30,SOFIA MATHEWS,"Gerwitz,Dianna Marie","Horton, Jayne"
132,132,"Houlihan, Debra","Houlihan, Debra",5/18/2016 1:55:52,,Bates,24,EDMUND DEA,"Gibson,Jessica Law","Houlihan, Debra"
133,133,"Howard, Estelle","Howard, Estelle",5/18/2016 1:56:41,,Kidman,26,JOHN RAHAIM,"Gillespie,Christopher J.","Howard, Estelle"
134,134,"Hudson, Jane","Hudson, Jane",5/18/2016 1:58:47,,Milland,21,WILLIAM ROUALDES,"Goldoerg,Adam William","Hudson, Jane"
135,135,"Hunts, Julissa","Hunts, Julissa",5/18/2016 2:06:32,,March,34,ZACHARY PUMPHREY,"Goldberg,Donald F.","Hunts, Julissa"
136,136,"Hutter, Rosalie","Hutter, Rosalie",5/18/2016 2:12:29,,Brynner,22,MARK CASTAGNOLA,"Goldberg,Jason Seth","Hutter, Rosalie"
137,137,"Huynh, Ming","Huynh, Ming",5/18/2016 2:13:08,,Crawford,29,NIKOLAS LEMOS,"Goldenbaum,Andrew","Huynh, Ming"
138,138,"Immediato, Walter","Immediato, Walter",5/18/2016 2:16:27,,Wyman,29,MICHAEL CARLIN,"Gonzales,Ricardo M.","Immediato, Walter"
139,139,"Ivey, Rose ","Ivey, Rose ",5/18/2016 2:24:07,,Magnani,24,JESSE SMITH,"Good,Terry W.","Ivey, Rose "
140,140,"Jackson, Maryellen","Jackson, Maryellen",5/18/2016 2:27:11,,Hepburn,30,THERESE STEWART,"Goodin,D. Stephen","Jackson, Maryellen"
141,141,"Jacobi, Hannah  ","Jacobi, Hannah  ",5/18/2016 2:28:29,,Hepburn,19,MARISA MORET,"Goodwin,Donald Ray","Jacobi, Hannah  "
142,142,"Jeannite, Tayana","Jeannite, Tayana",5/18/2016 2:28:37,,Streisand,28,LUIS IBARRA-RIVERA,"Goosby,Eric","Jeannite, Tayana"
143,143,"Jhaveri, Sneha  ","Jhaveri, Sneha  ",5/18/2016 2:35:32,,Smith,19,GERALD DARCY,"Gordon,Janet V.","Jhaveri, Sneha  "
144,144,"Johnson, George","Johnson, George",5/18/2016 2:38:51,,Jackson,19,DONNIE HORNBUCKLE,"Graham,Laura A.","Johnson, George"
145,145,"Johnson, Noelle ","Johnson, Noelle ",5/18/2016 2:40:05,,Fonda,25,SANDRA TONG,"Graham,Lottie B.","Johnson, Noelle "
146,146,"Johnston, Yen","Johnston, Yen",5/18/2016 2:42:02,,Schell,21,ANTHONY DUMONT,"Granger,Theresa Faye","Johnston, Yen"
147,147,"Jung, Judy  ","Jung, Judy  ",5/18/2016 2:51:15,,Peck,35,THERESA DENTONI,"Grant,Michael","Jung, Judy  "
148,148,"Kampew, Donysha","Kampew, Donysha",5/18/2016 2:53:44,,Poitier,21,TIM AREJA,"Green,Erin E.","Kampew, Donysha"
149,149,"Keatts, Kramer ","Keatts, Kramer ",5/18/2016 2:58:31,,Harrison,24,SIU-KWAN CHOW,"Green,Jeffrey","Keatts, Kramer "
150,150,"Khemmich, Bartholemew","Khemmich, Bartholemew",5/18/2016 3:04:00,,Marvin,18,PATRICIA CARR,"Green,Julia R.","Khemmich, Bartholemew"
151,151,"King, Janet","King, Janet",5/18/2016 3:06:09,,Scofield,12,RASMI CHAN,"Greenstein,Carrie E.","King, Janet"
152,152,"Kinsella, Kathleen  ","Kinsella, Kathleen  ",5/18/2016 3:06:44,,Steiger,23,MICHAEL KEARNEY,"Hankins,Marjorie S.","Kinsella, Kathleen  "
153,153,"Kirill, Alexandra  ","Kirill, Alexandra  ",5/18/2016 3:26:59,,Wayne,29,MATTHEW MCNAUGHTON,"Hanlin,Kirk T.","Kirill, Alexandra  "
154,154,"Knapp, Bradley  J","Knapp, Bradley  J",5/18/2016 3:28:33,,Hackman,24,JOHN CAVANAUGH,"Hazard,Susan L.","Knapp, Bradley  J"
155,155,"Kretschmer, John","Kretschmer, John",5/18/2016 3:28:56,,Brando,30,WHITNEY YEE,"Hendrix,Eunice C.","Kretschmer, John"
156,156,"Kreuger, Freddy","Kreuger, Freddy",5/18/2016 3:36:07,,Lemmon,21,STEVEN MANNINA,"Henning,Madge Huber","Kreuger, Freddy"
157,157,"Lajiri,  Jyoti","Lajiri,  Jyoti",5/18/2016 3:43:25,,Nicholson,18,EDGAR CALLEJAS,"Hernandez,David","Lajiri,  Jyoti"
158,158,"Landa, Hans","Landa, Hans",5/18/2016 3:46:31,,Finch ,22,L MILITELLO,"Hernreich,Nancy V.","Landa, Hans"
159,159,"Langford, Lindsey","Langford, Lindsey",5/18/2016 3:47:09,,Dreyfuss,22,MICHAEL BIEL,"Higgins,Kathryn O'Leary","Langford, Lindsey"
160,160,"Langton, Enrico","Langton, Enrico",5/18/2016 3:49:14,,Hoffman,26,DEBRA JOHNSON,"Hilley,John L.","Langton, Enrico"
161,161,"LaRotonda, William  ","LaRotonda, William  ",5/18/2016 3:51:31,,Henry ,20,HAROLD BYRD,"Hoover,Jay W.","LaRotonda, William  "
162,162,"Latif, Mohammed","Latif, Mohammed",5/18/2016 4:02:09,,Duvall,17,KARL JURGENSON,"Horn,Stephen K.","Latif, Mohammed"
163,163,"Le, Binh","Le, Binh",5/18/2016 4:05:46,,Burstyn,20,JULIE LABONTE,"Hothem,Eric P.","Le, Binh"
164,164,"Leach, Dallas","Leach, Dallas",5/18/2016 4:16:01,,Dunaway,28,JOHN BRAGAGNOLO,"Houser,Everett D.","Leach, Dallas"
165,165,"LeBlanc, Brandon  R","LeBlanc, Brandon  R",5/18/2016 4:23:37,,Keaton,36,OSCAR CABRERA,"Houser,Robert C.","LeBlanc, Brandon  R"
166,166,"Lecter, Hannibal","Lecter, Hannibal",5/18/2016 4:34:17,,Fonda,26,MARTIEN VERHAEG,"Howell,Willie C.","Lecter, Hannibal"
167,167,"Leruth, Giovanni","Leruth, Giovanni",5/18/2016 4:37:40,,Field,28,THOMAS ALDANA,"Hubbard,Katherine","Leruth, Giovanni"
168,168,"Liebig, Ketsia","Liebig, Ketsia",5/18/2016 4:37:52,,Spacek,21,CARL JEPSEN,"Huber,Carolyn","Liebig, Ketsia"
169,169,"Linares, Marilyn ","Linares, Marilyn ",5/18/2016 4:48:24,,Lange,21,AMPARO RODRIGUEZ,"Hudson,Maureen Anne","Linares, Marilyn "
170,170,"Linden, Mathew","Linden, Mathew",5/18/2016 4:57:53,,Paltrow,23,WILLIAM SCOTT,"Hughes,Edward F.","Linden, Mathew"
171,171,"Lindsay, Leonara ","Lindsay, Leonara ",5/18/2016 4:59:02,,Berry,23,GEORGE LYSENKO,"Humphrey,Mary E.","Lindsay, Leonara "
172,172,"Lundy, Susan","Lundy, Susan",5/18/2016 5:00:58,,Kidman,23,MICHAEL BROWNE,"Hunker,Mark E.","Lundy, Susan"
173,173,"Lunquist, Lisa","Lunquist, Lisa",5/18/2016 5:06:51,,Theron,28,HARRY PINKARD,"Huynh,Phu D.","Lunquist, Lisa"
174,174,"Lydon, Allison","Lydon, Allison",5/18/2016 5:11:10,,Wick,31,ALBERTO PEDRUCO,"Ibarra,Mickey","Lydon, Allison"
175,175,"Lynch, Lindsay","Lynch, Lindsay",5/18/2016 5:11:50,,Constantine,19,LAWRENCE LEE,"Ickes,Harold","Lynch, Lindsay"
176,176,"MacLennan, Samuel","MacLennan, Samuel",5/18/2016 5:15:37,,Anderson,15,DWAYNE CURRY,"Ikemiyashiro,Diane","MacLennan, Samuel"
177,177,"Mahoney, Lauren  ","Mahoney, Lauren  ",5/18/2016 5:28:33,,Telles,26,RENEE MARQUARDT,"Imbroscio,Michael X.","Mahoney, Lauren  "
178,178,"Manchester, Robyn","Manchester, Robyn",5/18/2016 5:29:14,,Maradona,28,HARVEY ELWIN,"Jackson,Ronda H.","Manchester, Robyn"
179,179,"Mancuso, Karen","Mancuso, Karen",5/18/2016 5:41:19,,Ronaldo,23,LEON WHITE,"Jacoby,Peter G.","Mancuso, Karen"
180,180,"Mangal, Debbie","Mangal, Debbie",5/18/2016 5:42:39,,Tal,26,DENNIS HERRERA,"James,Theodoric C.,Jr.","Mangal, Debbie"
181,181,"Martin, Sandra","Martin, Sandra",5/18/2016 5:45:48,,Bates,27,DONALD BRYANT,"Janenda,Thomas D.","Martin, Sandra"
182,182,"Maurice, Shana","Maurice, Shana",5/18/2016 5:47:41,,Kidman,26,NATHAN HARDY,"Jarrell,Sylvia M.","Maurice, Shana"
183,183,"Carthy, B'rigit","Carthy, B'rigit",5/18/2016 5:49:21,,Milland,35,SUSAN BUCHBINDER,"Jasso Rotunno,Cynthia","Carthy, B'rigit"
184,184,"Mckenna, Sandy","Mckenna, Sandy",5/18/2016 5:49:42,,March,31,KIRSTEN BARASH,"Jennings,Christopher C.","Mckenna, Sandy"
185,185,"McKinzie, Jac","McKinzie, Jac",5/18/2016 5:50:59,,Brynner,57,DENNIS SUTTER,"Johnson,Leanne I.","McKinzie, Jac"
186,186,"Meads, Elizabeth","Meads, Elizabeth",5/18/2016 5:52:27,,Crawford,25,JOHN BROWN,"Johnson,Lee Richard","Meads, Elizabeth"
187,187,"Medeiros, Jennifer","Medeiros, Jennifer",5/18/2016 6:03:51,,Wyman,25,KATHRYN BALLOU,"Johnson,Robert Benjamin","Medeiros, Jennifer"
188,188,"Miller, Brannon","Miller, Brannon",5/18/2016 6:21:19,,Magnani,25,DONALD FIELDS,"Johnson,Rochester M.","Miller, Brannon"
189,189,"Miller, Ned","Miller, Ned",5/18/2016 6:23:18,,Hepburn,22,LUIS HERRERA,"Jones,Anna L.","Miller, Ned"
190,190,"Monkfish, Erasumus","Monkfish, Erasumus",5/18/2016 6:38:46,,Hepburn,23,GEORGE FOURAS,"Jones,Crystal B.","Monkfish, Erasumus"
191,191,"Monroe, Peter","Monroe, Peter",5/18/2016 6:40:35,,Streisand,21,MARTIN LALOR JR,"Jones,Cyril","Monroe, Peter"
192,192,"Monterro, Luisa","Monterro, Luisa",5/18/2016 6:41:08,,Smith,33,GRAD GREEN,"Jones,Deborah A.","Monterro, Luisa"
193,193,"Moran, Patrick","Moran, Patrick",5/18/2016 6:53:02,,Jackson,18,DARCY KELLER,"Jordan,Jennifer Ann","Moran, Patrick"
194,194,"Morway, Tanya","Morway, Tanya",5/18/2016 6:55:07,,Fonda,27,SAMUEL ROMERO,"Kagan,Elena","Morway, Tanya"
195,195,"Motlagh,  Dawn","Motlagh,  Dawn",5/18/2016 7:02:48,,Schell,21,ALEXANDER CHEN,"Kalbaugh,David E.","Motlagh,  Dawn"
196,196,"Moumanil, Maliki ","Moumanil, Maliki ",5/18/2016 7:04:09,,Peck,20,OLLIE BANKS,"Kaplan,Jody J.","Moumanil, Maliki "
197,197,"Myers, Michael","Myers, Michael",5/18/2016 7:10:02,,Poitier,23,BURK DELVENTHAL,"Kearney,Janis F.","Myers, Michael"
198,198,"Navathe, Kurt","Navathe, Kurt",5/18/2016 7:12:21,,Harrison,29,THOMAS HARVEY,"King,Angus S.,III","Navathe, Kurt"
199,199,"Ndzi, Colombui","Ndzi, Colombui",5/18/2016 7:13:43,,Marvin,23,MARTIN BELTRAN,"King,Joshua A.","Ndzi, Colombui"
200,200,"Ndzi, Horia","Ndzi, Horia",5/18/2016 7:19:47,,Scofield,26,LORI BORGHI,"Kirkhorn,Nicholas B.","Ndzi, Horia"
201,201,"Newman, Richard ","Newman, Richard ",5/18/2016 7:27:20,,Steiger,22,ROBERT TAI,"Kitchen,Catherine T.","Newman, Richard "
202,202,"Ngodup, Shari ","Ngodup, Shari ",5/18/2016 7:28:01,,Wayne,23,CHRISTOPHER HAZEN,"Knight,Sarah S.","Ngodup, Shari "
203,203,"Nguyen, Dheepa","Nguyen, Dheepa",5/18/2016 7:41:18,,Hackman,27,PIERRE FRANCOIS,"Krause,Lori K.","Nguyen, Dheepa"
204,204,"Nguyen, Lei-Ming","Nguyen, Lei-Ming",5/18/2016 7:41:18,,Brando,24,ROSELYN JEQUINTO,"Kucik,Karen","Nguyen, Lei-Ming"
205,205,"Nowlan, Kristie","Nowlan, Kristie",5/18/2016 7:46:46,,Lemmon,28,TROY JOLLIFF,"Kullman,Karin","Nowlan, Kristie"
206,206,"O'hare, Lynn","O'hare, Lynn",5/18/2016 7:46:57,,Nicholson,19,COLLEEN RILEY,"Labrador,Agustin A.","O'hare, Lynn"
207,207,"Oliver, Brooke ","Oliver, Brooke ",5/18/2016 7:54:01,,Finch ,24,EUGENE GALEANO,"Labrecque,Tracy B.","Oliver, Brooke "
208,208,"Onque, Jasmine","Onque, Jasmine",5/18/2016 7:55:10,,Dreyfuss,25,MICHAEL AHERN,"Latham,Sara M.","Onque, Jasmine"
209,209,"Osturnka, Adeel","Osturnka, Adeel",5/18/2016 8:08:44,,Hoffman,18,BRIAN DELAHUNTY,"Lattimore,G. Neel","Osturnka, Adeel"
210,210,"Owad, Clinton","Owad, Clinton",5/18/2016 8:10:41,,Henry ,27,ROBERT SERRANO,"Lavery,Chris J.","Owad, Clinton"
211,211,"Ozark, Travis","Ozark, Travis",5/18/2016 8:14:39,,Duvall,35,JAMES VANNUCCHI,"Levin,Lisa J.","Ozark, Travis"
212,212,"Panjwani, Nina","Panjwani, Nina",5/18/2016 8:14:52,,Burstyn,19,CROCE CASCIATO,"Lewis,Ann F.","Panjwani, Nina"
213,213,"Patronick, Lucas","Patronick, Lucas",5/18/2016 8:17:01,,Dunaway,21,PHILIP STEVENS,"Lewis,Maureen F.","Patronick, Lucas"
214,214,"Pearson, Randall","Pearson, Randall",5/18/2016 8:18:08,,Keaton,30,TIMOTHY SULLIVAN,"Lewis,Patricia F.","Pearson, Randall"
215,215,"Smith, Martin","Smith, Martin",5/18/2016 8:22:09,,Fonda,18,JOHN FEENEY,"Lewis,Sharon R.","Smith, Martin"
216,216,"Pelletier, Ermine","Pelletier, Ermine",5/18/2016 8:24:22,,Field,27,CANTREZ TRIPLETT,"Lindsey,Bruce R.","Pelletier, Ermine"
217,217,"Perry, Shakira","Perry, Shakira",5/18/2016 8:27:23,,Spacek,35,GERARDO PINTO,"Lockhart,Joseph P.","Perry, Shakira"
218,218,"Peters, Lauren","Peters, Lauren",5/18/2016 8:34:48,,Lange,28,NOEL MORONEY,"Loftus,James X.","Peters, Lauren"
219,219,"Peterson, Ebonee  ","Peterson, Ebonee  ",5/18/2016 8:41:25,,Paltrow,28,GERALD MANSUR JR,"Lovell,Ellen M.","Peterson, Ebonee  "
220,220,"Petingill, Shana  ","Petingill, Shana  ",5/18/2016 8:42:53,,Berry,19,ROLAND PICKENS,"Ludwig,Susanna M.","Petingill, Shana  "
221,221,"Petrowsky, Thelma","Petrowsky, Thelma",5/18/2016 8:46:21,,Kidman,29,MERCEDES GERMAN,"Magaziner,Ira C.","Petrowsky, Thelma"
222,222,"Pham, Hong","Pham, Hong",5/18/2016 8:49:24,,Theron,29,ALAN HARVEY,"Maldon,Alphonso,Jr.","Pham, Hong"
223,223,"Pitt, Brad ","Pitt, Brad ",5/18/2016 8:50:29,,Wick,22,MICHAEL ELLIS,"Malone,Michael D.","Pitt, Brad "
224,224,"Potts, Xana","Potts, Xana",5/18/2016 8:52:16,,Constantine,24,BARBARA SCHULTHEIS,"Mandl,Alex D.","Potts, Xana"
225,225,"Power, Morissa","Power, Morissa",5/18/2016 8:56:57,,Anderson,20,RAYMOND KOENIG,"Marceca,Nathan A.","Power, Morissa"
226,226,"Punjabhi, Louis  ","Punjabhi, Louis  ",5/18/2016 8:57:05,,Telles,23,STEPHEN TACCHINI,"Marcus,Laura","Punjabhi, Louis  "
227,227,"Purinton, Janine","Purinton, Janine",5/18/2016 9:08:40,,Maradona,22,WILLIAM RADER,"Marshall,Capricia P.","Purinton, Janine"
228,228,"Quinn, Sean","Quinn, Sean",5/18/2016 9:19:05,,Ronaldo,17,GREGORY MCFARLAND,"Marshall,William P.","Quinn, Sean"
229,229,"Rachael, Maggie","Rachael, Maggie",5/18/2016 9:27:05,,Tal,19,SAM YUEN,"Mason,Julie Elizabeth","Rachael, Maggie"
230,230,"Rarrick, Quinn","Rarrick, Quinn",5/18/2016 9:27:15,,Bates,24,FRANK CARDINALE,"Mathews,Sylvia M.","Rarrick, Quinn"
231,231,"Ren, Kylo","Ren, Kylo",5/18/2016 9:29:39,,Kidman,31,ANNE KRONENBERG,"Matsui,Doris O.","Ren, Kylo"
232,232,"Rhoads, Thomas","Rhoads, Thomas",5/18/2016 9:31:41,,Milland,22,BARRY BLOOM,"Mauton,Clifford Joseph,Jr.","Rhoads, Thomas"
233,233,"Rivera, Haley  ","Rivera, Haley  ",5/18/2016 9:37:14,,March,24,CLEMENTINO AVILA II,"Mayock,Andrew J.","Rivera, Haley  "
234,234,"Roberson, May","Roberson, May",5/18/2016 9:39:15,,Brynner,31,RYAN KENNEDY,"Mays,Cathy R.","Roberson, May"
235,235,"Robertson, Peter","Robertson, Peter",5/18/2016 9:42:24,,Crawford,22,JOHN ROCCO,"McCathran,William W.","Robertson, Peter"
236,236,"Robinson, Alain  ","Robinson, Alain  ",5/18/2016 9:53:09,,Wyman,20,ARNOLD CHOY,"Mcclure,Kelli R.","Robinson, Alain  "
237,237,"Robinson, Cherly","Robinson, Cherly",5/18/2016 9:54:14,,Magnani,27,REGINA GOMEZ,"Mccoy,Ann A.","Robinson, Cherly"
238,238,"Robinson, Elias","Robinson, Elias",5/18/2016 9:54:39,,Hepburn,24,MIKE BREILING,"Mccurry,Michael D.","Robinson, Elias"
239,239,"Roby, Lori ","Roby, Lori ",5/18/2016 9:55:57,,Hepburn,26,ANDREW LOGAN,"Mcguire,Anne E.","Roby, Lori "
240,240,"Roehrich, Bianca","Roehrich, Bianca",5/18/2016 9:56:07,,Streisand,22,GREGORY CORRALES,"Mchugh,Patricia A.","Roehrich, Bianca"
241,241,"Roper, Katie","Roper, Katie",5/18/2016 9:56:10,,Smith,26,JOHN EHRLICH,"McKeown,Kathryn M.","Roper, Katie"
242,242,"Rose, Ashley  ","Rose, Ashley  ",5/18/2016 10:00:58,,Jackson,24,GLENN KIRCHER,"Mclarty,Thomas F.,III","Rose, Ashley  "
243,243,"Rossetti, Bruno","Rossetti, Bruno",5/18/2016 10:05:09,,Fonda,18,ARTHUR STELLINI,"Mcmullen,Myron L.,Sr.","Rossetti, Bruno"
244,244,"Roup,Simon","Roup,Simon",5/18/2016 10:07:24,,Schell,18,MARGARET RYKOWSKI,"Mcnamara,Nancy","Roup,Simon"
245,245,"Ruiz, Ricardo","Ruiz, Ricardo",5/18/2016 10:09:50,,Peck,22,MICHAEL SIMMONS,"Mellody,April Kathleen","Ruiz, Ricardo"
246,246,"Saada, Adell","Saada, Adell",5/18/2016 10:18:15,,Poitier,22,RUBY MARTIN,"Merryman,Ashley","Saada, Adell"
247,247,"Saar-Beckles, Melinda","Saar-Beckles, Melinda",5/18/2016 10:18:29,,Harrison,19,TYRONE PRUITT,"Michaud,R. Scott","Saar-Beckles, Melinda"
248,248,"Sadki, Nore  ","Sadki, Nore  ",5/18/2016 10:19:13,,Marvin,18,NANCY PARKER,"Miller,Denise","Sadki, Nore  "
249,249,"Sahoo, Adil","Sahoo, Adil",5/18/2016 10:22:29,,,21,DANIEL MAHONEY,"Miller,Tanya L.","Sahoo, Adil"