EmployeeId,Name,Surname,Position,Password
1,John,Wick,Production Technician I,kzde5577
2,John,Constantine,Sr. DBA,kino3434
3,Camela,Anderson,Production Technician II,visi7k1yr
4,Alex,Telles,Production Technician I,megzy123
5,Diego,Maradona,Production Technician I,lamborghin1
6,Cristiano,Ronaldo,Production Technician I,AVYq1lDE4MgAZfNt
7,Mihail,Tal,Software Engineer,u6c8vhow
8,Kathy,Bates,Production Technician I,v1118714
9,Nicole,Kidman,Production Technician I,universe2908
10,Ray,Milland,IT Support,as326159
11,Fredric,March,Production Technician I,asv5o9yu
12,Yul,Brynner,Production Technician I,612035180tok
13,Joan,Crawford,Data Analyst,jytifok873
14,Jane,Wyman,Production Technician I,WUt9IZzE0OQ7PkNE
15,Anna,Magnani,Production Technician I,jerusalem393
16,Katharine ,Hepburn,Production Technician I,g067057895
17,Katharine ,Hepburn,Production Technician II,52558000aaa
18,Barbra,Streisand,Production Technician I,idofo673
19,Maggie ,Smith,Database Administrator,6975038lp
20,Glenda ,Jackson,Production Technician I,sbl571017
21,Jane ,Fonda,Production Technician I,elyass15@ajilent-ci
22,Maximilian ,Schell,Production Technician I,intel1
23,Gregory ,Peck,Production Technician I,klara-tershina3H
24,Sidney ,Poitier,Production Technician II,czuodhj972
25,Rex ,Harrison,Production Technician II,faranumar91
26,Lee ,Marvin,Enterprise Architect,cigicigi123
27,Paul ,Scofield,Sr. Accountant,0169395484a
28,Rod ,Steiger,Production Manager,schalke04
29,John ,Wayne,Production Technician I,prisonbreak1
30,Gene ,Hackman,Accountant I,asgaliu11
31,Marlon ,Brando,Production Technician II,gaymaids1
32,Jack ,Lemmon,Production Technician I,trabajonet9
33,Jack ,Nicholson,Area Sales Manager,go7kew7a2po
34,Peter ,Finch ,Production Technician II,fk9qi21m
35,Richard ,Dreyfuss,Production Technician II,memjan123
36,Dustin ,Hoffman,Software Engineering Manager,lsdlsd1
37,Henry ,Henry ,Production Manager,exitos2009
38,Robert ,Duvall,Software Engineer,fahad123
39,Ellen ,Burstyn,Production Technician I,kswa2mrv
40,Faye ,Dunaway,Sr. DBA,yitbos77
41,Diane ,Keaton,Area Sales Manager,juliel009
42,Jane ,Fonda,Production Technician I,pHyqueDIyNQ8vmhb
43,Sally ,Field,BI Director,alimagik1
44,Sissy ,Spacek,Production Technician I,yqugu927
45,Jessica ,Lange,Production Technician I,olmaz.
46,Gwyneth ,Paltrow,Area Sales Manager,hpqkoxsn5
47,Halle ,Berry,Production Technician I,a2531106
48,Nicole ,Kidman,Production Technician I,TyWM72UNEex8Q8Y
49,Charlize ,Theron,IT Support,ejeko677
50,Katharine ,Wick,Production Technician II,openup12
51,Katharine ,Constantine,Production Technician II,ok>bdk
52,Barbra ,Anderson,Production Technician I,tamanagung6
53,Maggie ,Telles,Production Technician I,c3h8bkzr
54,Glenda ,Maradona,Production Technician I,patri1973
55,Ernest ,Ronaldo,Production Manager,yk530mg8
56,Alec ,Tal,Director of Operations,bozoxik602
57,Charlton ,Bates,Production Technician I,calcifer32
58,Gregory ,Kidman,Data Analyst,b4NbTxDEyNgG141J
59,Sidney ,Milland,Production Technician I,d04m11
60,John,March,Sr. Network Engineer,matiofox08
61,John,Brynner,Sales Manager,khmer100.03278&?><Mnb
62,Camela,Crawford,Sr. Network Engineer,sknq7m0
63,Alex,Wyman,Production Technician I,snolyuj04
64,Diego,Magnani,Production Technician II,kjkjkj1
65,Cristiano,Hepburn,Production Technician I,bgrvl80
66,Mihail,Hepburn,Production Technician I,Iamthelegend1!
67,Kathy,Streisand,Software Engineer,il0vey0u
68,Nicole,Smith,Area Sales Manager,obstacle25
69,Ray,Jackson,Production Technician II,rntprns7
70,Fredric,Fonda,Production Technician I,gdfn76
71,Yul,Schell,BI Developer,mickael12
72,Joan,Peck,Production Technician I,cesarmaio1
73,Jane,Poitier,Area Sales Manager,juliana19
74,Anna,Harrison,Production Technician I,kunyukbabi69
75,Katharine ,Marvin,Production Technician I,hodygid757
76,Katharine ,Scofield,IT Support,ga98SIzk0NwhiZaE
77,Barbra,Steiger,IT Manager - Support,283671gus
78,Maggie ,Wayne,Area Sales Manager,jalingo1
79,Glenda ,Hackman,Production Manager,p2share
80,Jane ,Brando,Production Technician I,k9b8cz6aj2
81,Maximilian ,Lemmon,Production Technician I,gill02
82,Gregory ,Nicholson,Production Technician I,j09000
83,Sidney ,Finch ,Production Technician I,2021848709
84,Rex ,Dreyfuss,Production Technician II,hayhayq2
85,Lee ,Hoffman,Production Technician I,yllime123
86,Paul ,Henry ,Production Technician I,3vszncp4
87,Rod ,Duvall,Software Engineer,123477889a
88,John ,Burstyn,Production Technician II,12345yolanda
89,Gene ,Dunaway,Production Technician II,woon12
90,Marlon ,Keaton,Production Technician I,929865yt
91,Jack ,Fonda,Production Technician I,jonothepoop1
92,Jack ,Field,Network Engineer,838188linh
93,Peter ,Spacek,Production Technician I,kVczcljg4OA25Aeb
94,Richard ,Lange,Production Technician II,k1k2k3k4k5k6
95,Dustin ,Paltrow,Production Technician II,poseidon2011
96,Henry ,Berry,Area Sales Manager,s4m2dx9e6
97,Robert ,Kidman,IT Director,xiau5ff
98,Ellen ,Theron,Sr. Accountant,ns2b0727
99,Faye ,Wick,Area Sales Manager,mmm23mm
100,Diane ,Constantine,IT Support,gkrqjs6
101,Jane ,Anderson,Production Technician I,ikanez886
102,Sally ,Telles,Production Technician I,746xitEGiqObog
103,Sissy ,Maradona,Production Technician I,oekojWyH120063
104,Jessica ,Ronaldo,Production Technician I,RqsuUsDYxNgr8T40
105,Gwyneth ,Tal,Area Sales Manager,xyws951753
106,Halle ,Bates,Production Technician I,elonex24
107,Nicole ,Kidman,Production Technician I,jalal123456
108,Charlize ,Milland,Area Sales Manager,6tequila6
109,Katharine ,March,Database Administrator,yu4cmn
110,Katharine ,Brynner,IT Support,ass359
111,Barbra ,Crawford,Production Technician I,icap12
112,Maggie ,Wyman,Production Technician I,2akira2
113,Glenda ,Magnani,Production Technician II,znbl5tj1
114,Ernest ,Hepburn,IT Support,123maxbala
115,Alec ,Hepburn,Production Technician II,64959rodro
116,Charlton ,Streisand,Production Technician I,moken7
117,Gregory ,Smith,Production Technician II,teemteem97
118,Sidney ,Jackson,Production Technician I,aquhih220
119,John,Fonda,Production Manager,zoobike04
120,John,Schell,Production Technician I,farrukhcse12
121,Camela,Peck,BI Developer,pato221182
122,Alex,Poitier,Area Sales Manager,10Erjrlmebup0n
123,Diego,Harrison,Production Technician I,pikey231
124,Cristiano,Marvin,Production Technician II,z3ro1sm
125,Mihail,Scofield,Production Technician I,portales1
126,Kathy,Steiger,Production Technician I,jUV4dSDQwNwPpA36
127,Nicole,Wayne,Production Technician I,fnmsdha476
128,Ray,Hackman,Production Technician II,g3rappa
129,Fredric,Brando,Area Sales Manager,rogyh820
130,Yul,Lemmon,Production Technician II,sanki1
131,Joan,Nicholson,Database Administrator,20Dgw7TQ0OQVdly7
132,Jane,Finch ,Director of Sales,ldteugao6
133,Anna,Dreyfuss,Administrative Assistant,2yz4ewwg
134,Katharine ,Hoffman,Production Technician I,www32223222
135,Katharine ,Henry ,Production Technician II,yuri110995
136,Barbra,Duvall,Production Technician II,1972vishara
137,Maggie ,Burstyn,Production Technician II,warriors08
138,Glenda ,Dunaway,Production Manager,vehat387
139,Jane ,Keaton,Production Technician I,3y6iwef2g6
140,Maximilian ,Fonda,Production Technician I,RPFUOUDQwMwVW0AS
141,Gregory ,Field,Production Technician I,w9209640
142,Sidney ,Spacek,Production Technician II,5gzj5uf
143,Rex ,Lange,Production Technician I,kinga22
144,Lee ,Paltrow,Production Technician I,nicolas05
145,Paul ,Berry,Database Administrator,26522876p
146,Rod ,Kidman,Production Technician II,barra23
147,John ,Theron,Production Technician I,147963asd
148,Gene ,Wick,Sales Manager,123net123
149,Marlon ,Constantine,Production Technician I,s9830950044
150,Jack ,Anderson,Area Sales Manager,denise18
151,Jack ,Telles,President & CEO,2010server
152,Peter ,Maradona,Production Technician I,p@sslng2diword
153,Richard ,Ronaldo,Production Technician I,tin030201
154,Dustin ,Tal,Production Technician I,yut0838828185
155,Henry ,Bates,Production Technician I,2fakjv
156,Robert ,Kidman,Area Sales Manager,mazdarx7
157,Ellen ,Milland,Sr. Network Engineer,omakiva153
158,Faye ,March,Production Manager,alchimie79
159,Diane ,Brynner,Production Technician II,potatobus150
160,Jane ,Crawford,Production Technician I,damyvo114
161,Sally ,Wyman,Accountant I,teste10
162,Sissy ,Magnani,Production Technician II,afs34214
163,Jessica ,Hepburn,Senior BI Developer,mohantra1
164,Gwyneth ,Hepburn,Production Technician I,igejasy712
165,Halle ,Streisand,Shared Services Manager,IjUcOtYqAwel725
166,Nicole ,Smith,Production Technician I,wisal1234
167,Charlize ,Jackson,Area Sales Manager,meopvywk628
168,Katharine ,Fonda,Production Manager,0870330135a
169,Katharine ,Schell,Production Technician I,sarahi1628
170,Barbra ,Peck,Production Technician II,ekufite742
171,Maggie ,Poitier,IT Support,polo2014
172,Glenda ,Harrison,Production Technician II,peluchin4
173,Ernest ,Marvin,Production Technician II,ginger972
174,Alec ,Scofield,Production Technician I,demon10
175,Charlton ,Steiger,Production Technician I,tia150979
176,Gregory ,Wayne,Production Technician I,s0xwym7h
177,Sidney ,Hackman,Production Technician I,puegwajy416
178,John,Brando,Production Technician II,a0972986650
179,John,Lemmon,Production Technician II,x8512514
180,Camela,Nicholson,Production Technician I,qn5xpg3k00
181,Alex,Finch ,Software Engineer,finisterra1
182,Diego,Dreyfuss,Production Technician I,ebacuro434
183,Cristiano,Hoffman,Production Technician II,4osxw4r
184,Mihail,Henry ,Production Technician I,nello11
185,Kathy,Duvall,Area Sales Manager,sasuke4
186,Nicole,Burstyn,Production Technician I,z888888
187,Ray,Dunaway,Production Technician I,marita1
188,Fredric,Keaton,Production Manager,kayal123
189,Yul,Fonda,Production Technician II,zgmfnwuq25
190,Joan,Field,Production Technician II,wxS2ztDk4OATjBfI
191,Jane,Spacek,IT Manager - Infra,njmania114
192,Anna,Lange,Production Technician II,z7zbgIDkzMQeHUd9
193,Katharine ,Paltrow,Production Technician II,gandhi8513
194,Katharine ,Berry,Network Engineer,20010509wang
195,Barbra,Kidman,Production Technician I,wibi182d
196,Maggie ,Theron,Production Technician II,v10rica
197,Glenda ,Obama,Production Technician I,change201
198,Nathaniel ,Ford,Main manager,4fqa52vecr
199,Martin ,Betltran,Production Technician I,gozv3e5
